run_name,timestamp,model_name,input_encoding,architecture_scale,num_params,estimated_flops_per_position,epochs_trained,best_epoch,best_score,test_accuracy,test_precision,test_recall,test_f1,test_roc_auc,test_pr_auc,val_accuracy,val_pr_auc,train_samples_per_second,test_samples_per_second,fit_elapsed_seconds,batch_size,learning_rate,epochs_configured,git_commit,config_hash
idea_i193_exchange_then_king_dual_stream_seed42,2026-05-10T19:32:02Z,exchange_then_king_dual_stream,simple_18,base,157348,13542388,11,10,0.8900519639772544,0.8666979582257686,0.7549019607843137,0.888795045045045,0.8163951383501422,0.9459499802862505,0.8900519639772544,,,15108.823846651347,11588.146879565695,180.25919135287404,256,0.0007,12,2e03965698dfe824efd0020628d3cc17da37547a,54778356877e2cbb
idea_i011_vetoselect_positive_claim_abstention_seed42,2026-05-09T18:38:14Z,vetoselect_positive_claim_abstention,lc0_bt4_112,base,501602,46608258,10,9,0.8720589227088962,0.8605961042008918,0.8267467594056276,0.736204954954955,0.7788533134772897,0.9336487463847554,0.8720589227088962,,,14283.005783944202,11535.587510070038,189.9527041753754,256,0.001,12,2e03965698dfe824efd0020628d3cc17da37547a,78d0bc5b794fd869
idea_i018_oriented_tactical_sheaf_laplacian_seed42,2026-05-09T21:25:06Z,oriented_tactical_sheaf_laplacian,simple_18,base,91363,9021281,13,12,0.8678257751435028,0.8637878432292889,0.7737102657634184,0.8360078828828829,0.8036535859269283,0.9351549628769322,0.8678257751435028,,,2255.2303730332687,5453.396935117578,1010.2426026761532,256,0.0007,12,2e03965698dfe824efd0020628d3cc17da37547a,0abd785dd3f9ede2
idea_i048_rule_automorphism_quotient_bottleneck_network_seed42,2026-05-10T04:25:59Z,rule_automorphism_quotient_bottleneck_network,simple_18,base,179442,20538538,13,12,0.8674182747693877,0.8541187514667918,0.7345070422535211,0.8809121621621622,0.8010752688172043,0.9341202933621601,0.8674182747693877,,,14845.777539568773,11959.024264428688,182.3196857534349,256,0.0007,12,2e03965698dfe824efd0020628d3cc17da37547a,3b31909c4ca3fc0c
idea_i188_tactical_program_induction_network_seed42,2026-05-10T19:08:38Z,tactical_program_induction_network,simple_18,base,709740,129353633,13,12,0.8664098936658265,0.8440741609950716,0.7207564791034322,0.8690878378378378,0.7880025526483727,0.929636411572653,0.8664098936658265,,,5820.7723683814465,8328.155298017362,415.6963614644483,256,0.0007,12,2e03965698dfe824efd0020628d3cc17da37547a,94d1c123b14730eb
idea_i042_legal_automorphism_quotient_network_seed42,2026-05-10T03:53:41Z,legal_automorphism_quotient_network,simple_18,base,174305,20438977,13,12,0.8641417398414514,0.8099507157944145,0.6481427601590535,0.9407376126126126,0.7674992822279644,0.931077578044561,0.8641417398414514,,,15098.073764548722,12054.786206102384,180.92361354641616,256,0.0007,12,2e03965698dfe824efd0020628d3cc17da37547a,c4b3e288e9f24a83
benchmark_bench_residual_small_lc0bt4_scale_xl_seed42,2026-05-09T16:24:42Z,residual_cnn,lc0_bt4_112,scale_xl,1094689,140187937,16,15,0.8622478287767958,0.8550574982398498,0.7548870271642549,0.837134009009009,0.7938859965291684,0.9290371881326083,0.8622478287767958,,,12081.628271696449,10456.750288715904,349.87498324457556,128,0.001,20,2e03965698dfe824efd0020628d3cc17da37547a,31cb4d9ffa18baf1
idea_i192_latent_reply_entropy_network_seed42,2026-05-10T19:26:37Z,latent_reply_entropy_network,simple_18,base,105452,12348633,13,12,0.8622455734688951,0.85360244074161,0.7338340570355593,0.8802083333333334,0.800384,0.9333332748502675,0.8622455734688951,,,13556.936419093268,11197.69089511835,199.44029449671507,256,0.0007,12,2e03965698dfe824efd0020628d3cc17da37547a,675d86e825b81050
benchmark_bench_srpa_lc0bt4_seed42,2026-05-07T03:25:34Z,sparse_relation_pursuit_asymmetry,lc0_bt4_112,base,121115,127736389,17,16,0.7952403235510395,0.8562309317061723,0.7572246976448123,0.8372747747747747,0.7952403235510395,0.9292838776342359,0.8619204627496828,,,471.38334750991675,1610.406956235276,9652.903538525105,64,0.0003,30,0483a60d4ecec2276251d29ff4f35a2373354212,1711373a01682cda
idea_i191_safe_reply_certificate_verifier_seed42,2026-05-10T19:20:48Z,safe_reply_certificate_verifier,simple_18,base,115438,15152817,13,12,0.8588851267928809,0.8442149730110303,0.7070342413302703,0.9097691441441441,0.7956909818405663,0.9316179566167463,0.8588851267928809,,,14899.570096499867,11804.975507554203,183.69966203533113,256,0.0007,12,2e03965698dfe824efd0020628d3cc17da37547a,0af6c87228599f76
benchmark_bench_lc0_bt4_classifier_seed42,2026-05-06T08:08:39Z,lc0_bt4_classifier,lc0_bt4_112,base,501473,46608001,22,21,0.8004976101617233,0.8569819291246187,0.7483168074427714,0.8605011261261262,0.8004976101617233,0.9305202740766257,0.8578163356598791,,,14114.172611697983,11924.383225752275,448.1436510486528,256,0.001,30,0483a60d4ecec2276251d29ff4f35a2373354212,4a878210d2c7d639
idea_i033_piece_target_entropic_transport_bottleneck_seed42,2026-05-10T02:35:58Z,piece_target_entropic_transport_bottleneck,simple_18,base,121973,155448033,10,9,0.8563560386061463,0.8441210983337245,0.7273710782545979,0.8517736486486487,0.7846722427543279,0.9252702591684002,0.8563560386061463,,,2446.0127523641077,4374.107782146547,959.2715495480224,256,0.0007,12,2e03965698dfe824efd0020628d3cc17da37547a,7a1787934eec80c0
idea_i012_dykstra_lcp_seed42,2026-05-09T18:49:54Z,dykstra_lcp,lc0_bt4_112,base,339035,22757335,11,10,0.8561757776041153,0.8539779394508331,0.8036501901140685,0.7438063063063063,0.772571094378244,0.9256042470362765,0.8561757776041153,,,4111.21753755043,8613.421641769899,562.0627644453198,256,0.001,12,2e03965698dfe824efd0020628d3cc17da37547a,8299f20a625564d5
idea_i147_specialist_head_cnn_seed42,2026-05-10T16:11:35Z,specialist_head_cnn,simple_18,base,273798,30010150,12,11,0.8561460517932173,0.8422436047876085,0.7117800158424805,0.8854166666666666,0.7891600276017816,0.9264739992615671,0.8561460517932173,,,14627.933148250351,10215.884566018636,187.0884032053873,256,0.0007,12,2e03965698dfe824efd0020628d3cc17da37547a,f5216e4caee802cf
idea_i145_piece_plane_gated_cnn_seed42,2026-05-10T16:00:15Z,piece_plane_gated_cnn,simple_18,base,421695,51479781,12,11,0.8553665092720459,0.849425017601502,0.7426507224713502,0.8392454954954955,0.7879989426381179,0.9259406981315869,0.8553665092720459,,,15127.552003056118,11842.429036475534,181.3727201242,256,0.0007,12,2e03965698dfe824efd0020628d3cc17da37547a,978e32d3aebe64fb
idea_i100_independence_residual_interaction_network_seed42,2026-05-10T12:31:58Z,independence_residual_interaction_network,simple_18,base,181985,21106977,13,12,0.8497840760077856,0.8433231635766252,0.7193616029822927,0.8692286036036037,0.7872259051504334,0.923575291059315,0.8497840760077856,,,14972.131230056671,13627.577158246018,180.84068606514484,256,0.0007,12,2e03965698dfe824efd0020628d3cc17da37547a,83d580698a5d43f7
idea_i046_rule_exact_orbit_bottleneck_network_seed42,2026-05-10T04:15:02Z,rule_exact_orbit_bottleneck_network,simple_18,base,179585,21562914,13,12,0.8497438541071046,0.8497535789720723,0.740717898112742,0.8452984234234234,0.7895601867069884,0.9241016386518904,0.8497438541071046,,,15113.036208087244,11320.050493236417,181.23869645409286,256,0.0007,12,2e03965698dfe824efd0020628d3cc17da37547a,c6bf7a017b359032
idea_i095_rank_quantile_evidence_field_network_seed42,2026-05-10T12:03:50Z,rank_quantile_evidence_field_network,simple_18,base,182053,6746057,12,11,0.8483859787684661,0.8429946022060549,0.7250089788100084,0.8524774774774775,0.7835931940221259,0.9209605776160289,0.8483859787684661,,,15010.876394168567,11826.75507814201,180.04612121917307,256,0.0007,12,2e03965698dfe824efd0020628d3cc17da37547a,a9bd8c5bbfa57af8
idea_i218_orbit_disagreement_residual_network_seed42,2026-05-10T21:48:11Z,orbit_disagreement_residual_network,simple_18,base,75534,6185022,13,12,0.8462499334932877,0.8405069232574514,0.7201235447849845,0.8533220720720721,0.7810849117381781,0.9212900503929744,0.8462499334932877,,,14689.98168707028,12249.209358041342,182.6109811887145,256,0.0007,12,2e03965698dfe824efd0020628d3cc17da37547a,aa30a15de8108151
idea_i189_counterfactual_defender_dropout_network_seed42,2026-05-10T19:14:35Z,counterfactual_defender_dropout_network,simple_18,base,117581,7891678,12,11,0.843958710282007,0.8352499413283266,0.7178181818181818,0.8336148648648649,0.7713950762016413,0.9156067007478219,0.843958710282007,,,14249.015398650312,12207.87479782309,190.5260628229007,256,0.0007,12,2e03965698dfe824efd0020628d3cc17da37547a,86f24334603ed965
idea_i099_coarse_to_fine_board_residual_pyramid_seed42,2026-05-10T12:26:15Z,coarse_to_fine_board_residual_pyramid,simple_18,base,504193,35674049,12,11,0.8423838697003223,0.840178361886881,0.7243721945893485,0.8405123873873874,0.7781325340457418,0.9184758006589435,0.8423838697003223,,,13111.900549166778,9799.894939247173,205.68515148758888,256,0.0007,12,2e03965698dfe824efd0020628d3cc17da37547a,a745be362e818047
idea_i043_side_canonical_rule_partition_invariant_bottleneck_seed42,2026-05-10T03:58:54Z,side_canonical_rule_partition_invariant_bottleneck,simple_18,base,652107,70398731,12,11,0.8400327148544068,0.8436047876085426,0.7540409482758621,0.7880067567567568,0.7706497797356828,0.916560514945972,0.8400327148544068,,,14962.175645724768,11791.116489801356,181.42672968655825,256,0.0007,12,2e03965698dfe824efd0020628d3cc17da37547a,45eebc8c99f6e58c
idea_i086_differentiable_chess_fact_lattice_seed42,2026-05-10T10:22:22Z,differentiable_chess_fact_lattice,simple_18,base,60174,6169441,12,11,0.8393195502468889,0.8406946726120629,0.7504049676025918,0.7825168918918919,0.7661245865490628,0.915030355090144,0.8393195502468889,,,1526.9266635317135,1658.6533035360003,1647.2312003960833,256,0.0007,12,2e03965698dfe824efd0020628d3cc17da37547a,8dde16b22776a0b5
idea_i044_masked_board_code_length_surprise_network_seed42,2026-05-10T04:04:27Z,masked_board_code_length_surprise_network,simple_18,base,372718,55576961,10,9,0.8386173381428995,0.8362825627786904,0.7143195827406353,0.8482545045045045,0.7755469755469755,0.9171076240269211,0.8386173381428995,,,13198.43324294939,11550.678677920954,201.58659031428397,256,0.0007,12,2e03965698dfe824efd0020628d3cc17da37547a,8482638fda8269b8
idea_i003_factor_agreement_classifier_seed42,2026-05-09T17:38:48Z,factor_agreement_classifier,simple_18,base,104846,9260078,12,11,0.8383374647904759,0.8265665336775405,0.6882801281343202,0.8771114864864865,0.7713065544346104,0.9159563650510592,0.8383374647904759,,,14405.299185805909,11459.684760309112,187.27797211706638,192,0.001,12,2e03965698dfe824efd0020628d3cc17da37547a,e20b7864a70b60af
idea_i049_tempo_odd_bottleneck_network_seed42,2026-05-10T04:31:12Z,tempo_odd_bottleneck_network,simple_18,base,176382,20442878,11,10,0.8379432880184625,0.8294766486740202,0.7025323841755164,0.8474099099099099,0.7682000893255918,0.9153773083563458,0.8379432880184625,,,15165.384980241592,11656.283825865099,179.74867778085172,256,0.0007,12,2e03965698dfe824efd0020628d3cc17da37547a,8a21da0109c1502c
idea_i056_non_puzzle_score_field_bottleneck_network_seed42,2026-05-10T06:19:41Z,non_puzzle_score_field_bottleneck_network,simple_18,base,417891,69853889,10,9,0.8377418926245812,0.8322459516545412,0.7067228859217616,0.8493806306306306,0.7715125942974044,0.9156184964848308,0.8377418926245812,,,12524.107479002689,11376.168200927017,210.0023895399645,256,0.0007,12,2e03965698dfe824efd0020628d3cc17da37547a,5002b26b7470c9a5
idea_i005_null_move_contrast_puzzle_network_seed42,2026-05-09T18:00:17Z,null_move_contrast_puzzle_network,simple_18,base,240578,25797379,12,11,0.837726319312321,0.8305562074630368,0.7063548310890622,0.8417792792792793,0.7681438664097624,0.9145715108328876,0.837726319312321,,,13622.22260864375,11088.719119585943,196.67409053165466,128,0.0007,12,2e03965698dfe824efd0020628d3cc17da37547a,acb4451c7c0c7a7a
idea_i130_material_phase_low_rank_adapter_network_seed42,2026-05-10T14:52:51Z,material_phase_low_rank_adapter_network,simple_18,base,143009,6277825,10,9,0.8368021395451254,0.8315888289134006,0.7088382038488952,0.8399493243243243,0.7688442211055276,0.9146586406886077,0.8368021395451254,,,15110.136231928784,11331.85463677723,180.57475259993225,256,0.0007,12,2e03965698dfe824efd0020628d3cc17da37547a,bedd47cdd2348298
idea_i133_orthogonal_board_moment_network_seed42,2026-05-10T15:11:43Z,orthogonal_board_moment_network,simple_18,base,154649,6497441,13,12,0.8359639155702426,0.8146444496597043,0.6683384910895316,0.881615990990991,0.7603034901365706,0.9130347344607124,0.8359639155702426,,,15079.060211018712,11831.16859505589,181.99303848203272,256,0.0007,12,2e03965698dfe824efd0020628d3cc17da37547a,7fc48cf8d5a7c419
idea_i131_replicator_payoff_piece_dynamics_seed42,2026-05-10T15:00:21Z,replicator_payoff_piece_dynamics,simple_18,base,89137,25474049,13,12,0.8355592959103848,0.8297113353672847,0.7066096053257251,0.8367117117117117,0.7661768497035318,0.9127022730999783,0.8355592959103848,,,14630.539268995251,11248.571005146334,189.3203690201044,256,0.0007,12,2e03965698dfe824efd0020628d3cc17da37547a,79d5bad7246a02e9
idea_i065_piece_token_cnn_hybrid_seed42,2026-05-10T06:51:51Z,piece_token_cnn_hybrid,simple_18,base,252137,13626849,13,12,0.835559178092549,0.8147383243370101,0.6657217847769029,0.8925957207207207,0.762643574478321,0.9143285335190834,0.835559178092549,,,15249.903398387842,12188.18775783391,179.70701117813587,256,0.0007,12,2e03965698dfe824efd0020628d3cc17da37547a,4084a477f0275242
idea_i098_baseline_logit_residual_adapter_seed42,2026-05-10T12:20:12Z,baseline_logit_residual_adapter,simple_18,base,83299,6973187,13,12,0.8349949464245319,0.822623797230697,0.6844148641153632,0.8685247747747747,0.7655561759414355,0.913313604517129,0.8349949464245319,,,14955.299327442526,11769.705636778126,182.6751199606806,256,0.0007,12,2e03965698dfe824efd0020628d3cc17da37547a,033cef4e1a0fe331
idea_i120_sinkhorn_role_assignment_network_seed42,2026-05-10T14:05:21Z,sinkhorn_role_assignment_network,simple_18,base,158520,7009817,11,10,0.833374835360644,0.822623797230697,0.6876199074596546,0.8576858108108109,0.7632947071719386,0.9115973941690441,0.833374835360644,,,14903.333505914241,11507.596606160743,182.15292924642563,256,0.0007,12,2e03965698dfe824efd0020628d3cc17da37547a,edc073fbd6801e27
idea_i069_bitboard_shift_algebra_network_seed42,2026-05-10T07:01:54Z,bitboard_shift_algebra_network,simple_18,base,408009,6666457,12,11,0.8309391505767993,0.8344989439098803,0.7355186940494998,0.7864583333333334,0.7601360544217687,0.9101495517064844,0.8309391505767993,,,6757.086811739499,7913.6808294689245,370.8429802330211,256,0.0007,12,2e03965698dfe824efd0020628d3cc17da37547a,dda02a4886648a72
idea_i126_pawn_skeleton_barrier_network_seed42,2026-05-10T14:25:07Z,pawn_skeleton_barrier_network,simple_18,base,261089,27864065,13,12,0.8297587541670889,0.8111710865993899,0.6636218799787573,0.8795045045045045,0.7564622555844784,0.910352938958429,0.8297587541670889,,,14768.138228593469,12430.413750100004,183.8359869532287,256,0.0007,12,2e03965698dfe824efd0020628d3cc17da37547a,4560c064fa72ba13
idea_i173_stripe_selective_mixer_cnn_seed42,2026-05-10T17:55:59Z,stripe_selective_mixer_cnn,simple_18,base,971137,16590753,11,10,0.8291045177757149,0.8199014315888289,0.6824935761367446,0.8599380630630631,0.7610090314543756,0.9109898245016369,0.8291045177757149,,,15169.596195786002,11310.403325051173,181.2463208353147,256,0.0007,12,2e03965698dfe824efd0020628d3cc17da37547a,098adc909a0f1e6a
idea_i164_learnable_pooling_tree_boardnet_seed42,2026-05-10T17:21:30Z,learnable_pooling_tree_boardnet,simple_18,base,415745,14952017,13,12,0.8290572207366412,0.823562544003755,0.6983279971540377,0.8289695945945946,0.7580614018150222,0.9086567268451468,0.8290572207366412,,,14532.660360943664,12047.829594214829,185.6820921925828,256,0.0007,12,2e03965698dfe824efd0020628d3cc17da37547a,b2d17fa6b27c0701
idea_i116_symmetric_difference_twin_encoder_seed42,2026-05-10T13:54:13Z,symmetric_difference_twin_encoder,simple_18,base,180417,20389601,13,12,0.8283339924648905,0.8174137526402253,0.6811724915445321,0.8505067567567568,0.7564792788280956,0.9082859987258224,0.8283339924648905,,,15387.517701378229,10922.715346789984,178.265310684219,256,0.0007,12,2e03965698dfe824efd0020628d3cc17da37547a,abf5c39359397d1b
idea_i215_masked_codec_interaction_curvature_network_seed42,2026-05-10T21:27:48Z,masked_codec_interaction_curvature_network,simple_18,base,140971,39246609,12,11,0.8279329844577336,0.8153485097394978,0.6747904719894133,0.8613457207207207,0.756740044521395,0.9085773930794746,0.8277103730070446,,,14649.075348519926,11477.429890758094,185.3746697837487,256,0.0007,12,2e03965698dfe824efd0020628d3cc17da37547a,a511f7452ba772c0
idea_i088_traced_threat_motif_network_seed42,2026-05-10T11:36:43Z,traced_threat_motif_network,simple_18,base,636321,44721677,13,12,0.8274555876923145,0.8313072048814832,0.7173643794897201,0.8153153153153153,0.76320990907893,0.9090928717429492,0.8274555876923145,,,3213.9809707523077,6962.766147293928,717.0368243111297,256,0.0007,12,2e03965698dfe824efd0020628d3cc17da37547a,8e48ce76356123de
idea_i034_entropic_chess_geometry_transport_network_seed42,2026-05-10T02:41:48Z,entropic_chess_geometry_transport_network,simple_18,base,77261,6696073,9,8,0.8268479240173414,0.8149730110302745,0.6770040304523063,0.8512105855855856,0.7541780992766276,0.9061590885697682,0.8268479240173414,,,11795.339624201446,11387.179257551777,218.7518402542919,256,0.0007,12,2e03965698dfe824efd0020628d3cc17da37547a,53765f71fd09e838
idea_i002_response_minimax_classifier_seed42,2026-05-09T17:33:30Z,response_minimax_classifier,simple_18,base,231844,368277081,13,12,0.8267868602798825,0.8162872565125557,0.6762430939226519,0.8614864864864865,0.7577070694564814,0.9086474240727243,0.8267868602798825,,,2408.1570794924883,5596.653500100346,948.0619914196432,96,0.0007,12,2e03965698dfe824efd0020628d3cc17da37547a,46027f0f146b5e9e
idea_i027_rule_only_counterfactual_move_delta_bottleneck_seed42,2026-05-10T00:57:17Z,rule_only_counterfactual_move_delta_bottleneck,simple_18,base,201668,41496613,13,12,0.8266565068404328,0.7862473597747007,0.62451171875,0.9001970720720721,0.7374308118081181,0.9059411400256675,0.8266565068404328,,,2554.595328587485,2622.2444661370455,994.9382833279669,256,0.0007,12,2e03965698dfe824efd0020628d3cc17da37547a,b8a71b8acb923842
idea_i052_soft_king_cage_path_bottleneck_network_seed42,2026-05-10T05:03:32Z,soft_king_cage_path_bottleneck_network,simple_18,base,111735,11938210,12,11,0.8260361204052646,0.8201361182820934,0.6902768085601303,0.8354448198198198,0.7559546554579034,0.9072311327285668,0.8260361204052646,,,4397.852639494357,5987.6317371945615,554.2639114111662,256,0.0007,12,2e03965698dfe824efd0020628d3cc17da37547a,709b74941e59fccb
idea_i004_puzzle_obligation_flow_network_seed42,2026-05-09T17:54:53Z,puzzle_obligation_flow_network,simple_18,base,148326,14064401,12,11,0.8255362116305209,0.8238441680356724,0.7002509860164934,0.8247466216216216,0.7574171029668412,0.906542782087418,0.8255362116305209,,,2610.7731210448524,10183.931805607275,839.9604939278215,96,0.0007,12,2e03965698dfe824efd0020628d3cc17da37547a,168efa7388d53572
idea_i041_centered_tempo_odd_interventional_bottleneck_seed42,2026-05-10T03:48:28Z,centered_tempo_odd_interventional_bottleneck,simple_18,base,426369,51276641,12,11,0.8253865866180508,0.8161933818352499,0.6758217515993823,0.8624718468468469,0.7578231292517007,0.9073590123950794,0.8253865866180508,,,15248.662148736412,12362.188592379587,178.80975359864533,256,0.0007,12,2e03965698dfe824efd0020628d3cc17da37547a,818c87b571808325
idea_i083_fisher_geodesic_tension_network_seed42,2026-05-10T07:52:22Z,fisher_geodesic_tension_network,simple_18,base,376570,45114730,13,12,0.8248766556130225,0.833701009152781,0.7584555087821164,0.7355011261261262,0.7468019724147789,0.9081285652862918,0.8248766556130225,,,15205.28562839761,9562.885682406206,179.7090891227126,256,0.0007,12,2e03965698dfe824efd0020628d3cc17da37547a,eff1820aea6d98cd
idea_i127_square_color_parity_mixer_seed42,2026-05-10T14:30:55Z,square_color_parity_mixer,simple_18,base,197711,12697537,12,11,0.8243157307925795,0.815724008448721,0.6786196043165468,0.8498029279279279,0.754625,0.9041718686858113,0.8243157307925795,,,13836.423185485177,12309.224554912047,194.14229868352413,256,0.0007,12,2e03965698dfe824efd0020628d3cc17da37547a,f85edcb074952593
idea_i203_hierarchical_tactical_option_network_seed42,2026-05-10T20:26:00Z,hierarchical_tactical_option_network,simple_18,base,67218,6498137,12,11,0.8238201837220597,0.8232809199718376,0.6990106091310049,0.8254504504504504,0.7569870263990189,0.9068279365953165,0.8238201837220597,,,15229.430255931591,11563.546188035549,178.18275188747793,256,0.0007,12,2e03965698dfe824efd0020628d3cc17da37547a,9706adf6a8259a9b
idea_i010_rule_consistent_latent_dynamics_seed42,2026-05-09T18:32:44Z,rule_consistent_latent_dynamics,simple_18,base,254018,27291969,13,12,0.8237980032280534,0.7979816944379253,0.6438553226469379,0.8820382882882883,0.7443573295319553,0.904807168247573,0.8237980032280534,,,13275.676523394774,11799.253510873168,201.83874363359064,128,0.0007,12,2e03965698dfe824efd0020628d3cc17da37547a,f4b0b00b1f6ea8e7
idea_i155_capsule_motif_boardnet_seed42,2026-05-10T16:42:34Z,capsule_motif_boardnet,simple_18,base,95489,10964417,11,10,0.8233177623679941,0.8261910349683173,0.7217368626939628,0.7791385135135135,0.7493400121843904,0.9040262855014016,0.8233177623679941,,,14911.065672737808,11886.519803470635,183.13140767533332,256,0.0007,12,2e03965698dfe824efd0020628d3cc17da37547a,a9aba142915aa4be
idea_i139_soft_majorization_line_sorter_seed42,2026-05-10T15:38:23Z,soft_majorization_line_sorter,simple_18,base,103670,6281089,13,12,0.8231643687760846,0.827739967143863,0.7225246241575947,0.7847691441441441,0.752361673414305,0.9055479900936425,0.8231643687760846,,,14429.561840272723,11624.645938996353,187.49418973643333,256,0.0007,12,2e03965698dfe824efd0020628d3cc17da37547a,41127e6d2b4cd25a
idea_i177_forcing_certificate_transformer_seed42,2026-05-10T18:18:20Z,forcing_certificate_transformer,simple_18,base,193550,12780711,13,12,0.8226409344329764,0.8328561370570289,0.7485618072120107,0.7509853603603603,0.7497716253249948,0.9062821309928689,0.8226409344329764,,,15178.928482856398,11920.209575722609,179.7764640916139,256,0.0007,12,2e03965698dfe824efd0020628d3cc17da37547a,811db92d3573785e
idea_i167_evidence_sieve_network_seed42,2026-05-10T17:28:39Z,evidence_sieve_network,simple_18,base,255092,28854657,12,11,0.8226039132742082,0.8242196667448956,0.7088151187367897,0.8025056306306306,0.7527563213837724,0.9044276775807565,0.8226039132742082,,,15322.262928877344,12485.85000349167,180.2685013366863,256,0.0007,12,2e03965698dfe824efd0020628d3cc17da37547a,f136c095685759d2
idea_i174_king_zone_evidence_ledger_seed42,2026-05-10T18:02:09Z,king_zone_evidence_ledger,simple_18,base,143472,6619511,13,12,0.8222662181290477,0.8118751466791833,0.6663800515907137,0.8727477477477478,0.7557289127254998,0.9064157102802047,0.8222662181290477,,,14570.628136750747,11032.60182606537,187.9477598592639,256,0.0007,12,2e03965698dfe824efd0020628d3cc17da37547a,9af7e510f86ac106
idea_i179_causal_piece_derivative_network_seed42,2026-05-10T18:29:05Z,causal_piece_derivative_network,simple_18,base,65232,6974286,12,11,0.8220908162015089,0.7989673785496363,0.6455474151274379,0.8806306306306306,0.7449836260791902,0.904545124463066,0.8220908162015089,,,14982.447330598376,11317.593142107664,182.2627206146717,256,0.0007,12,2e03965698dfe824efd0020628d3cc17da37547a,a568892f603331d7
idea_i057_soft_formal_concept_closure_network_seed42,2026-05-10T06:26:18Z,soft_formal_concept_closure_network,simple_18,base,96961,3126465,13,12,0.8220430806712385,0.8150668857075803,0.6614285714285715,0.9124436936936937,0.7669190724088973,0.9131341259354911,0.8220430806712385,,,10216.053497519551,8514.236570251403,259.0205908017233,256,0.0007,12,2e03965698dfe824efd0020628d3cc17da37547a,81252fa3382cbb31
idea_i035_ordinal_evidence_ladder_network_seed42,2026-05-10T02:47:04Z,ordinal_evidence_ladder_network,simple_18,base,222853,28574082,13,12,0.821361016705622,0.8311194555268716,0.7652042360060515,0.7119932432432432,0.7376403675076564,0.90617692590485,0.821361016705622,,,15301.774380043418,9649.138198014281,177.7143989559263,256,0.0007,12,2e03965698dfe824efd0020628d3cc17da37547a,4d2a876351abe931
idea_i185_critical_square_budget_network_seed42,2026-05-10T18:57:04Z,critical_square_budget_network,simple_18,base,74962,8700609,11,10,0.8212410561924958,0.8264257216615818,0.7156242086604203,0.7956081081081081,0.7534995333955472,0.9046177277199741,0.8212410561924958,,,15025.11253086257,11581.250092794508,180.82518280483782,256,0.0007,12,2e03965698dfe824efd0020628d3cc17da37547a,30253ced9f04d43b
idea_i208_pinned_mobility_nullspace_network_seed42,2026-05-10T20:51:43Z,pinned_mobility_nullspace_network,simple_18,base,64947,7333017,11,10,0.820972793652639,0.8140812015958695,0.6733208337928752,0.859375,0.7550553459897347,0.905483450561152,0.820972793652639,,,15215.702508118975,11860.04166784478,178.55883614625782,256,0.0007,12,2e03965698dfe824efd0020628d3cc17da37547a,0406e27cc9bd5463
idea_i160_hypercolumn_square_readout_cnn_seed42,2026-05-10T17:00:47Z,hypercolumn_square_readout_cnn,simple_18,base,310163,37666657,12,11,0.8209672997240781,0.8040366111241493,0.6527589444038803,0.8809121621621622,0.7498651968126535,0.9048411825934095,0.8209672997240781,,,14759.888108958417,11898.22667716683,184.06922602746636,256,0.0007,12,2e03965698dfe824efd0020628d3cc17da37547a,41616ce7dcbffa19
idea_i154_adapter_sandwich_residual_cnn_seed42,2026-05-10T16:37:23Z,adapter_sandwich_residual_cnn,simple_18,base,173313,21369281,13,12,0.8204733612895221,0.8023938042712978,0.6500103669914991,0.8826013513513513,0.7486567164179104,0.904320608964538,0.8204733612895221,,,15085.63545830099,13982.359572438336,179.63932180497795,256,0.0007,12,2e03965698dfe824efd0020628d3cc17da37547a,7bb9a497f37e586a
idea_i009_tactical_equilibrium_network_seed42,2026-05-09T18:27:18Z,tactical_equilibrium_network,simple_18,base,176676,38041857,13,12,0.8200348108168856,0.7943675193616522,0.6368204200582857,0.8920326576576577,0.7431251832307241,0.9041156059939949,0.8200348108168856,,,10725.323135396204,12362.00347784447,240.0816780505702,128,0.0007,12,2e03965698dfe824efd0020628d3cc17da37547a,2b3a1bf3d9f3c4fb
idea_i184_puzzle_boundary_twin_encoder_seed42,2026-05-10T18:51:43Z,puzzle_boundary_twin_encoder,simple_18,base,94626,6181760,10,9,0.8194553591519108,0.8146913869983572,0.6812126779972439,0.8350225225225225,0.7503162155325069,0.9020554557444566,0.8194553591519108,,,15312.979319812099,12313.065821092061,177.31592894066125,256,0.0007,12,2e03965698dfe824efd0020628d3cc17da37547a,d458282f6888ff47
idea_i007_neural_proof_number_search_seed42,2026-05-09T18:15:30Z,neural_proof_number_search,simple_18,base,275909,311578922,10,9,0.8194326753304886,0.8012203708049753,0.6491939677587103,0.8786599099099099,0.7466953765177343,0.903214575240863,0.8194326753304886,,,5036.7169551077695,9218.939029696006,466.5668967887759,96,0.0005,12,2e03965698dfe824efd0020628d3cc17da37547a,0142061c849ee12e
idea_i210_defender_opportunity_cost_auction_network_seed42,2026-05-10T21:01:58Z,defender_opportunity_cost_auction_network,simple_18,base,58728,6239265,13,12,0.8190363427504264,0.8186810607838536,0.6928477924550756,0.8195382882882883,0.7508866963306894,0.9031874995638552,0.8190363427504264,,,15130.438403430337,11886.300411900098,179.2330660475418,256,0.0007,12,2e03965698dfe824efd0020628d3cc17da37547a,74573c91810a903a
idea_i197_reply_set_contrastive_transformer_seed42,2026-05-10T19:54:19Z,reply_set_contrastive_transformer,simple_18,base,94478,12876857,12,11,0.818981800639858,0.8073222248298522,0.6651249862349962,0.8502252252252253,0.7463700957676861,0.9019678054885742,0.818981800639858,,,14478.727700630025,11623.751371590348,188.11423004046082,256,0.0007,12,2e03965698dfe824efd0020628d3cc17da37547a,0ae9f490153f778f
idea_i015_material_locked_tactical_dro_seed42,2026-05-09T20:00:30Z,material_locked_tactical_dro,simple_18,base,238529,23905666,11,10,0.8187970907608885,0.827739967143863,0.7992331822934821,0.6455518018018018,0.7142189690079427,0.8992940984916681,0.8187970907608885,,,13721.521643844142,10706.392840434166,196.53624538797885,128,0.0007,12,2e03965698dfe824efd0020628d3cc17da37547a,fba5d0c7ef43065d
idea_i025_one_ply_counterfactual_move_landscape_network_seed42,2026-05-10T00:19:41Z,one_ply_counterfactual_move_landscape_network,simple_18,base,172648,31942293,13,12,0.8186648986789884,0.8174137526402253,0.6903126480341071,0.8205236486486487,0.7498070491381528,0.9010449873153203,0.8186648986789884,,,2602.783897810453,2691.1628092035357,976.2517815306783,256,0.0007,12,2e03965698dfe824efd0020628d3cc17da37547a,e1f2e636294f9616
idea_i153_agreement_variance_head_net_seed42,2026-05-10T16:32:14Z,agreement_variance_head_net,simple_18,base,190149,20350917,13,12,0.8180953652223032,0.8070406007979347,0.661696380334954,0.8620495495495496,0.748701020844795,0.9032978293544229,0.8180953652223032,,,15096.496883233529,10825.368770088175,178.88619960378855,256,0.0007,12,2e03965698dfe824efd0020628d3cc17da37547a,fcb91aedf2e88e94
idea_i008_boundary_edit_lagrangian_network_seed42,2026-05-09T18:21:12Z,boundary_edit_lagrangian_network,simple_18,base,173764,15892010,11,10,0.8180482571596793,0.8181178127200188,0.6905914295832841,0.8234797297297297,0.7512038523274478,0.902175355941816,0.8180482571596793,,,12100.322831857042,12641.207584360438,216.61323722079396,128,0.0005,12,2e03965698dfe824efd0020628d3cc17da37547a,4513e79b5f22f2d0
idea_i212_phase_specialist_calibration_mixture_seed42,2026-05-10T21:12:12Z,phase_specialist_calibration_mixture,simple_18,base,101840,6197640,11,10,0.8179249153522876,0.8176015019948369,0.6910472571835669,0.8192567567567568,0.7497101635965477,0.9018025511780352,0.8179249153522876,,,15180.156096950499,12230.333387105284,178.4995031701401,256,0.0007,12,2e03965698dfe824efd0020628d3cc17da37547a,7b29967480f8b1c1
idea_i148_shallow_wide_residual_boardnet_seed42,2026-05-10T16:16:48Z,shallow_wide_residual_boardnet,simple_18,base,182738,20481042,11,10,0.8171295517430492,0.828209340530392,0.7432203389830508,0.7407094594594594,0.7419627749576988,0.9012864034286383,0.8171295517430492,,,14721.868606081598,11733.938829738852,183.21269644983113,256,0.0007,12,2e03965698dfe824efd0020628d3cc17da37547a,7a6c4cfb5c20ddfd
idea_i183_tempo_alignment_gate_network_seed42,2026-05-10T18:46:37Z,tempo_alignment_gate_network,simple_18,base,51102,12219023,12,11,0.8167028920553918,0.8200891809434405,0.6861696072851451,0.848536036036036,0.7587639247277991,0.9044704742988534,0.8167028920553918,,,15133.607491595832,12034.482349937349,180.88697644602507,256,0.0007,12,2e03965698dfe824efd0020628d3cc17da37547a,9e74a242f606539e
idea_i181_disproof_ledger_puzzle_network_seed42,2026-05-10T18:35:23Z,disproof_ledger_puzzle_network,simple_18,base,58633,6719137,13,12,0.8166701573605611,0.8099507157944145,0.6683937823834197,0.8534628378378378,0.7496754250386399,0.9038178875393245,0.8166701573605611,,,15324.34495122828,12171.059985020953,178.0476095015183,256,0.0007,12,2e03965698dfe824efd0020628d3cc17da37547a,404a070668a7442c
idea_i129_king_shelter_microkernel_network_seed42,2026-05-10T14:47:01Z,king_shelter_microkernel_network,simple_18,base,132224,10693822,12,11,0.8163665882329576,0.8264257216615818,0.7877661372085164,0.65625,0.7160190446935955,0.9005136785745325,0.8163665882329576,,,12586.74949240848,10663.154686539188,210.94438252132386,256,0.0007,12,2e03965698dfe824efd0020628d3cc17da37547a,6905f383a85bab49
idea_i204_cross_defense_consistency_network_seed42,2026-05-10T20:31:07Z,cross_defense_consistency_network,simple_18,base,85597,9222805,12,11,0.8163608258713517,0.8063365407181413,0.6628390201224846,0.8531813063063063,0.7460610536681438,0.9005614215722658,0.8163608258713517,,,15104.9545282664,12006.27028360539,179.21594983246177,256,0.0007,12,2e03965698dfe824efd0020628d3cc17da37547a,09b87afacb78ba6d
idea_i178_defender_exhaustion_cascade_network_seed42,2026-05-10T18:23:28Z,defender_exhaustion_cascade_network,simple_18,base,92543,6732683,12,11,0.8158246370731865,0.8259563482750528,0.734336185481645,0.7490146396396397,0.741602787456446,0.9023468451419167,0.8158246370731865,,,14670.921261213824,11987.738501516003,184.04615734424442,256,0.0007,12,2e03965698dfe824efd0020628d3cc17da37547a,feeadecfd6683485
idea_i094_convex_feasibility_residual_network_seed42,2026-05-10T11:58:23Z,convex_feasibility_residual_network,simple_18,base,160424,6417949,11,10,0.8158139615665754,0.8177423140107956,0.693406989311877,0.8127815315315315,0.7483636834942647,0.9016646699160255,0.8158139615665754,,,14013.399041309032,11760.533375606856,192.03493556007743,256,0.0007,12,2e03965698dfe824efd0020628d3cc17da37547a,9c81d5c8a6bbc437
idea_i114_piece_conditioned_hypernetwork_cnn_seed42,2026-05-10T13:43:52Z,piece_conditioned_hypernetwork_cnn,simple_18,base,105463,1481037,13,12,0.815764005293713,0.8113118986153485,0.6716384683882458,0.8493806306306306,0.7501243162605669,0.9006187647139429,0.815764005293713,,,15104.209461286788,13040.412830294119,178.94772225338966,256,0.0007,12,2e03965698dfe824efd0020628d3cc17da37547a,262ada6bf553f6ec
idea_i064_multi_scale_dilated_board_mixer_cnn_seed42,2026-05-10T06:46:39Z,multi_scale_dilated_board_mixer_cnn,simple_18,base,163617,18580961,12,11,0.815174406173889,0.8261440976296645,0.7288637587506731,0.7621058558558559,0.7451142306633636,0.9001594843117886,0.815174406173889,,,14933.344377370957,11975.979150378711,182.27247356064618,256,0.0007,12,2e03965698dfe824efd0020628d3cc17da37547a,27eec7ae03d07b00
idea_i075_tactical_bisimulation_puzzle_network_seed42,2026-05-10T07:40:20Z,tactical_bisimulation_puzzle_network,simple_18,base,134599,8281322,13,12,0.8151687206165178,0.8249237268246891,0.7107696151924038,0.8008164414414415,0.7531109346041832,0.9021935352541472,0.8151687206165178,,,15091.469145714314,11842.131567109622,182.2854107869789,256,0.0007,12,2e03965698dfe824efd0020628d3cc17da37547a,32d0189460646d20
idea_i001_chess_operator_basis_classifier_seed42,2026-05-09T17:15:37Z,chess_operator_basis_classifier,simple_18,base,200393,19777865,13,12,0.8151669257986728,0.8012673081436282,0.6561140121845083,0.8489583333333334,0.7401816396661758,0.898627446059185,0.8151669257986728,,,13728.91694258612,12451.319439967181,193.8460095981136,256,0.001,12,2e03965698dfe824efd0020628d3cc17da37547a,b4b1ec14b52d13e5
idea_i017_conditional_surprisal_gate_seed42,2026-05-09T21:05:38Z,conditional_surprisal_gate,simple_18,base,218467,23482211,13,12,0.8150484463763108,0.819854494250176,0.6842283393501805,0.8537443693693694,0.7596442885771543,0.9055799971817111,0.8150484463763108,,,14954.435730141657,12655.122585310906,178.349002500996,192,0.0007,12,2e03965698dfe824efd0020628d3cc17da37547a,6a1b48a676579c41
idea_i122_invertible_board_coupling_network_seed42,2026-05-10T14:17:05Z,invertible_board_coupling_network,simple_18,base,606033,142342496,11,10,0.8150348299000002,0.8245482281154658,0.7161572052401747,0.7849099099099099,0.7489590329079919,0.8995892298141039,0.8150348299000002,,,11200.285632531492,11988.182573126398,228.6309532476589,256,0.0007,12,2e03965698dfe824efd0020628d3cc17da37547a,9c77933b16cab580
idea_i112_piece_drop_stability_network_seed42,2026-05-10T13:33:37Z,piece_drop_stability_network,simple_18,base,64505,42715761,13,12,0.8149921990790658,0.8237502933583666,0.7229990677853243,0.7642173423423423,0.7430370218298775,0.8999503131837563,0.8149921990790658,,,15362.74880060851,11385.671427213038,177.37953960429877,256,0.0007,12,2e03965698dfe824efd0020628d3cc17da37547a,36fdcf90e2402879
idea_i101_residual_calibration_error_field_seed42,2026-05-10T12:37:39Z,residual_calibration_error_field,simple_18,base,218003,25487523,12,11,0.8149317570533077,0.8001877493546116,0.652785231297628,0.8561373873873874,0.7407587844832836,0.8996050251980733,0.8149317570533077,,,15116.755750332806,9969.743437281857,180.90635132417083,256,0.0007,12,2e03965698dfe824efd0020628d3cc17da37547a,0662d32702f8d523
idea_i014_contamination_dro_huber_tail_rejection_seed42,2026-05-09T19:55:04Z,contamination_dro_huber_tail_rejection,simple_18,base,209281,23463809,12,11,0.8145787895371887,0.8197136822342174,0.8115333206033989,0.5982545045045045,0.6887610404343246,0.8979743190747257,0.8145787895371887,,,14542.6925021124,12170.105310204262,185.2432160610333,192,0.0007,12,2e03965698dfe824efd0020628d3cc17da37547a,46200839b9bf776e
idea_i163_global_scratchpad_boardnet_seed42,2026-05-10T17:16:06Z,global_scratchpad_boardnet,simple_18,base,592641,50007633,12,11,0.813747598216996,0.7856841117108659,0.6259428344581183,0.8878096846846847,0.7342258440046566,0.8986201703692991,0.813747598216996,,,12912.92308886784,11423.877221043052,204.62656836304814,256,0.0007,12,2e03965698dfe824efd0020628d3cc17da37547a,f6940aae080ec365
idea_i111_boundary_condition_disagreement_cnn_seed42,2026-05-10T13:28:41Z,boundary_condition_disagreement_cnn,simple_18,base,110529,453985,11,10,0.8133905978096895,0.8122037080497536,0.6777001488947428,0.832911036036036,0.7473318598042311,0.9000896565224121,0.8133905978096895,,,14957.24645803963,12457.151813888811,181.81112430803478,256,0.0007,12,2e03965698dfe824efd0020628d3cc17da37547a,e85b6a7b913ce263
idea_i138_support_function_envelope_network_seed42,2026-05-10T15:33:15Z,support_function_envelope_network,simple_18,base,158909,6407969,11,10,0.8130833361016868,0.8159586951419855,0.6879650407464273,0.8199605855855856,0.7481857298824738,0.8998322021717162,0.8130833361016868,,,14903.094058717292,12044.243937315829,182.64422220550478,256,0.0007,12,2e03965698dfe824efd0020628d3cc17da37547a,9fc986b63019767e
idea_i206_discovered_ray_switchboard_network_seed42,2026-05-10T20:41:21Z,discovered_ray_switchboard_network,simple_18,base,58657,6256113,13,12,0.8129289658044483,0.7862942971133536,0.6267514657656762,0.8878096846846847,0.734781848896138,0.8983933254605214,0.8129289658044483,,,14505.601729753755,12710.603389536564,186.0606517670676,256,0.0007,12,2e03965698dfe824efd0020628d3cc17da37547a,64bd31097936d127
idea_i152_iterative_logit_refinement_cnn_seed42,2026-05-10T16:27:07Z,iterative_logit_refinement_cnn,simple_18,base,136846,15652037,13,12,0.8125766164586595,0.8102323398263318,0.6751745450383427,0.8303772522522522,0.7447762136228774,0.8974964083467665,0.8125766164586595,,,15474.667056554703,11977.461906207838,177.80697960499674,256,0.0007,12,2e03965698dfe824efd0020628d3cc17da37547a,516fbc0d74984d48
idea_i134_legal_constraint_projection_residual_network_seed42,2026-05-10T15:17:58Z,legal_constraint_projection_residual_network,simple_18,base,77694,6794129,12,11,0.81228698533382,0.823515606665102,0.706216082881105,0.8060247747747747,0.7528267157507231,0.9018160865384433,0.81228698533382,,,14680.623921422497,11635.991581551294,187.40226994920522,256,0.0007,12,2e03965698dfe824efd0020628d3cc17da37547a,4acbdd250024eacc
idea_i026_counterfactual_move_delta_spectrum_network_seed42,2026-05-10T00:38:16Z,counterfactual_move_delta_spectrum_network,simple_18,base,181675,30564917,11,10,0.8120126326276066,0.7322694203238677,0.5589126409695337,0.9348254504504504,0.6995681028125987,0.8955019078167316,0.8120126326276066,,,2664.5329527938597,2674.950672068183,957.2562554785982,256,0.0007,12,2e03965698dfe824efd0020628d3cc17da37547a,9667bca244144f77
idea_i207_counterplay_insolvency_ledger_seed42,2026-05-10T20:46:37Z,counterplay_insolvency_ledger,simple_18,base,64795,6938257,13,12,0.8102881038630936,0.814785261675663,0.678498756500113,0.8448761261261262,0.7526018808777429,0.901496600488419,0.8102881038630936,,,15092.681301195853,12181.778691544678,180.85831637121737,256,0.0007,12,2e03965698dfe824efd0020628d3cc17da37547a,1773428502f9c159
idea_i136_low_rank_signed_cut_query_network_seed42,2026-05-10T15:27:55Z,low_rank_signed_cut_query_network,simple_18,base,665705,7811585,6,5,0.8092456252699283,0.7984041304858015,0.6521174049604679,0.8475506756756757,0.7370998347309787,0.8937155772639409,0.8092456252699283,,,12747.092314600586,10558.56108180784,160.09167412668467,256,0.0007,12,2e03965698dfe824efd0020628d3cc17da37547a,d0c1616390676a13
idea_i172_near_puzzle_margin_twin_network_seed42,2026-05-10T17:50:25Z,near_puzzle_margin_twin_network,simple_18,base,117761,6229089,11,10,0.8091886068760491,0.8094344050692326,0.6719385449615906,0.8372747747747747,0.7455502632238656,0.8974376080846356,0.8091886068760491,,,15166.007327241841,12396.436522351245,178.67832798697054,256,0.0007,12,2e03965698dfe824efd0020628d3cc17da37547a,07650cecbaa82b25
idea_i162_empty_square_opportunity_network_seed42,2026-05-10T17:10:25Z,empty_square_opportunity_network,simple_18,base,400025,39212593,13,12,0.8089347532874982,0.806946726120629,0.6662590327959977,0.8436092342342343,0.7445182930616808,0.8976905869939371,0.8089347532874982,,,15076.965321558391,12070.857575760298,182.1707783062011,256,0.0007,12,2e03965698dfe824efd0020628d3cc17da37547a,b4ee16d4f67a8dbb
idea_i196_source_invariant_puzzle_bottleneck_seed42,2026-05-10T19:48:34Z,source_invariant_puzzle_bottleneck,simple_18,base,69923,24556306,13,12,0.8081267423475216,0.8109363999061253,0.6748919717989539,0.8354448198198198,0.74663479682979,0.8975015528740837,0.8081267423475216,,,15002.609194922607,11862.33014697293,181.96072599478066,256,0.0007,12,2e03965698dfe824efd0020628d3cc17da37547a,33ac3f8c9d3fda2b
idea_i071_variational_board_action_network_seed42,2026-05-10T07:13:45Z,variational_board_action_network,simple_18,base,113853,12480937,13,12,0.8071962085916514,0.8070875381365876,0.6694972826086957,0.832347972972973,0.7420933734939759,0.8956176596813701,0.8071962085916514,,,15254.335842361445,10839.19824090455,178.99285531323403,256,0.0007,12,2e03965698dfe824efd0020628d3cc17da37547a,72ae8ab5a26ba2ff
idea_i219_hall_defect_dual_residual_network_seed42,2026-05-10T21:53:25Z,hall_defect_dual_residual_network,simple_18,base,79501,6192005,11,10,0.8065404207010743,0.7770945787373856,0.6123247162071926,0.9035754504504504,0.7299710013077841,0.8963138064125671,0.8065404207010743,,,15044.080346719898,12454.323206318439,181.38660531211644,256,0.0007,12,2e03965698dfe824efd0020628d3cc17da37547a,4ad1af3e235f8e7f
idea_i176_source_rate_calibrated_objective_seed42,2026-05-10T18:12:57Z,source_rate_calibrated_objective,simple_18,base,85703,6205475,13,12,0.8064350075606127,0.8211218023938043,0.7077078339851142,0.7896959459459459,0.7464573215354933,0.8961915371554218,0.8064350075606127,,,15420.6716252671,12165.477534242096,175.76547272410244,256,0.0007,12,2e03965698dfe824efd0020628d3cc17da37547a,049dca200b589a98
idea_i054_threat_topology_betti_bottleneck_network_seed42,2026-05-10T06:13:10Z,threat_topology_betti_bottleneck_network,simple_18,base,108706,7941090,11,10,0.8059383180031781,0.8080262849096457,0.6729400963966031,0.8254504504504504,0.7414338095840182,0.8958077940758518,0.8059383180031781,,,6277.078949784191,5447.216441018855,420.2110250890255,256,0.0007,12,2e03965698dfe824efd0020628d3cc17da37547a,47d82ed15fd1e7a4
idea_i121_morphological_threat_field_network_seed42,2026-05-10T14:11:05Z,morphological_threat_field_network,simple_18,base,91952,6878434,13,12,0.805787834904747,0.7975123210513964,0.6493895909188263,0.8536036036036037,0.7376231601994891,0.8953681203693306,0.805787834904747,,,12707.221738430728,11238.476436698133,208.2144401492551,256,0.0007,12,2e03965698dfe824efd0020628d3cc17da37547a,96a1a618cde4e18e
idea_i220_credal_temperature_field_network_seed42,2026-05-10T21:58:34Z,credal_temperature_field_network,simple_18,base,60419,6153955,13,12,0.8056950759159425,0.7871861065477588,0.6300344059906902,0.8764076576576577,0.7330742964794537,0.8957331439116393,0.8056950759159425,,,15209.63133185783,12198.971178385273,178.59347907081246,256,0.0007,12,2e03965698dfe824efd0020628d3cc17da37547a,ed7a1fce95b023ea
idea_i169_rank_file_memory_grid_net_seed42,2026-05-10T17:34:45Z,rank_file_memory_grid_net,simple_18,base,30977,3052641,13,12,0.8036197780470443,0.8137057028866463,0.6869855660264822,0.810670045045045,0.7437205398075806,0.8927829111371424,0.8036197780470443,,,15223.895145108332,12193.21380916763,178.43248053919524,256,0.0007,12,2e03965698dfe824efd0020628d3cc17da37547a,34cf1fb4780893e3
idea_i143_convnext_boardnet_seed42,2026-05-10T15:54:49Z,convnext_boardnet,simple_18,base,71682,5469329,13,12,0.8032358212379755,0.8102323398263318,0.6817480109250683,0.8081362612612613,0.7395813204508856,0.8942158949360248,0.8032358212379755,,,14841.28042127074,12523.41400917349,182.98121596127748,256,0.0007,12,2e03965698dfe824efd0020628d3cc17da37547a,a788c437fa0faead
idea_i045_credal_near_puzzle_evidence_network_seed42,2026-05-10T04:09:37Z,credal_near_puzzle_evidence_network,simple_18,base,342722,42787650,12,11,0.8028158792812056,0.8199014315888289,0.7621569571497352,0.6684966216216216,0.7122609673790776,0.8915254211415133,0.8028158792812056,,,15362.257441447642,12082.13508845207,176.98324624355882,256,0.0007,12,2e03965698dfe824efd0020628d3cc17da37547a,97791f1ca109565e
idea_i198_barrier_cut_puzzle_network_seed42,2026-05-10T19:59:39Z,barrier_cut_puzzle_network,simple_18,base,49257,6155993,13,12,0.802224443410223,0.8020652429007276,0.6645014245014245,0.8208051801801802,0.7344291202216764,0.8919661505169348,0.802224443410223,,,15022.219640925761,12480.923318583025,181.80065923649818,256,0.0007,12,2e03965698dfe824efd0020628d3cc17da37547a,1777c00abf01eba9
idea_i232_clifford_rotor_threat_network_seed42,2026-05-10T22:50:44Z,clifford_rotor_threat_network,simple_18,base,66239,6230593,13,12,0.8016172500879333,0.8186810607838536,0.7410382269820021,0.701295045045045,0.7206190786143053,0.890724203139482,0.8016172500879333,,,15201.35146787275,12668.907261091603,179.82061349973083,256,0.0007,12,2e03965698dfe824efd0020628d3cc17da37547a,6cc18ab70e24a7e7
idea_i227_padic_ultrametric_threat_network_seed42,2026-05-10T22:42:29Z,padic_ultrametric_threat_network,simple_18,base,63581,6322609,12,11,0.8014900606037244,0.8154423844168036,0.6990461847389559,0.7840653153153153,0.7391188959660298,0.8937570209416162,0.8014900606037244,,,1070.1407537450793,1593.639634051268,2238.589698765427,256,0.0007,12,2e03965698dfe824efd0020628d3cc17da37547a,fdfdbc98813946b0
idea_i047_color_flip_orbit_evidence_bottleneck_seed42,2026-05-10T04:20:34Z,color_flip_orbit_evidence_bottleneck,simple_18,base,178402,22136612,13,12,0.8012840791871223,0.8195259328796057,0.7608452056987354,0.6690596846846847,0.7120065912665718,0.8860161973906165,0.8012840791871223,,,15041.900316680085,11278.747719501425,181.22875790018588,256,0.0007,12,2e03965698dfe824efd0020628d3cc17da37547a,637655f9bf8a2f62
idea_i074_puzzle_binary_benchmark_challengers_seed42,2026-05-10T07:34:19Z,puzzle_binary_benchmark_challengers,simple_18,base,88355,6170307,12,11,0.8011565550881549,0.8195728702182586,0.7341954022988506,0.7193130630630631,0.7266780432309442,0.8915660321789292,0.8011565550881549,,,15239.277683079605,12985.430901449781,178.07269906438887,256,0.0007,12,2e03965698dfe824efd0020628d3cc17da37547a,85fba573a7b9f7b2
idea_i170_negative_class_disentangled_puzzle_head_seed42,2026-05-10T17:40:02Z,negative_class_disentangled_puzzle_head,simple_18,base,88355,6170307,12,11,0.8011565550881549,0.8195728702182586,0.7341954022988506,0.7193130630630631,0.7266780432309442,0.8915660321789292,0.8011565550881549,,,14956.535094067214,12320.788998956397,181.81059633009136,256,0.0007,12,2e03965698dfe824efd0020628d3cc17da37547a,67542e16fbcf4c0d
idea_i158_neural_decision_forest_boardnet_seed42,2026-05-10T16:49:53Z,neural_decision_forest_boardnet,simple_18,base,182872,20455192,11,10,0.7999106471123714,0.8125322694203239,0.6792713857505188,0.8293918918918919,0.7468627202433769,0.8933752702512383,0.7999106471123714,,,14880.79044205979,12796.79574751501,182.54968139249831,256,0.0007,12,2e03965698dfe824efd0020628d3cc17da37547a,6fc55aac215953fe
idea_i216_non_puzzle_score_curl_divergence_bottleneck_seed42,2026-05-10T21:32:58Z,non_puzzle_score_curl_divergence_bottleneck,simple_18,base,86043,10870033,12,11,0.7999105439413825,0.8026754283032153,0.6614339790692496,0.8362894144144144,0.7386547308218326,0.8920844201271194,0.7999105439413825,,,15030.609604166777,11880.416789288993,179.45181238278747,256,0.0007,12,2e03965698dfe824efd0020628d3cc17da37547a,183792c57791e98a
idea_i119_tensor_ring_square_interaction_network_seed42,2026-05-10T14:00:12Z,tensor_ring_square_interaction_network,simple_18,base,27598,2806689,12,11,0.7992738711257958,0.8090119690213565,0.6829415310427969,0.7974380630630631,0.735762062471589,0.8916691259291473,0.7992738711257958,,,14895.057671208786,11882.47580337261,182.05853134952486,256,0.0007,12,2e03965698dfe824efd0020628d3cc17da37547a,4f192f1829a1d744
idea_i200_absorbing_threat_markov_network_seed42,2026-05-10T20:10:22Z,absorbing_threat_markov_network,simple_18,base,69495,6219093,13,12,0.7976476082282512,0.8126730814362826,0.6880966767371601,0.8015202702702703,0.7404902789518174,0.8937545031960699,0.7976476082282512,,,15324.96438207288,12208.15648469381,177.72920196224004,256,0.0007,12,2e03965698dfe824efd0020628d3cc17da37547a,2b0f96f81915be10
idea_i128_occupancy_run_length_segment_encoder_seed42,2026-05-10T14:40:44Z,occupancy_run_length_segment_encoder,simple_18,base,114058,11306479,13,12,0.7972424199021159,0.7913165923492138,0.6419265271251602,0.8461430180180181,0.7300218605780908,0.8898454108199461,0.7972424199021159,,,6075.849047723698,5504.519642655967,431.0497818989679,256,0.0007,12,2e03965698dfe824efd0020628d3cc17da37547a,da7b5be2ce588579
idea_i092_parity_syndrome_puzzle_bottleneck_seed42,2026-05-10T11:47:35Z,parity_syndrome_puzzle_bottleneck,simple_18,base,197589,13261337,13,12,0.7959719142093711,0.8006571227411405,0.6689133262386189,0.7963119369369369,0.7270740954951481,0.8861466443645956,0.7959719142093711,,,7982.11579784134,11768.443591860314,304.06857006344944,256,0.0007,12,2e03965698dfe824efd0020628d3cc17da37547a,53b091be9292cd3e
idea_i213_forced_target_funnel_network_seed42,2026-05-10T21:17:21Z,forced_target_funnel_network,simple_18,base,71022,8614073,10,9,0.7940420310922021,0.8148321990143159,0.7171134020618557,0.734375,0.7256415606092218,0.8891124395820368,0.7940420310922021,,,15147.330323061775,13342.5537992248,179.46275060251355,256,0.0007,12,2e03965698dfe824efd0020628d3cc17da37547a,335155c938ca81ae
idea_i171_line_piece_crossbar_network_seed42,2026-05-10T17:45:16Z,line_piece_crossbar_network,simple_18,base,37313,3338593,13,12,0.7934407181703933,0.7933348979112884,0.6558209299642321,0.8001126126126126,0.7208166888592987,0.8846607928654308,0.7934407181703933,,,15298.20648988275,11524.928072805975,178.95621885731816,256,0.0007,12,2e03965698dfe824efd0020628d3cc17da37547a,e3a36677b7a7f8ad
idea_i237_cayley_orthogonal_network_seed42,2026-05-10T23:07:05Z,cayley_orthogonal_network,simple_18,base,21129,1876521,13,12,0.7933489902139145,0.7812250645388407,0.6269090909090909,0.8493806306306306,0.7213820312032997,0.8839292737917834,0.7933489902139145,,,15444.446750433579,12215.166224944742,174.99148355796933,256,0.0007,12,2e03965698dfe824efd0020628d3cc17da37547a,860aa06291272936
idea_i105_slot_attention_role_binding_network_seed42,2026-05-10T12:58:19Z,slot_attention_role_binding_network,simple_18,base,187823,2905469,12,11,0.7928138986390731,0.7932879605726355,0.6503340757238307,0.8220720720720721,0.7261875155433971,0.8844795102298975,0.7928138986390731,,,14911.689067959882,11794.864690702101,182.73349387198687,256,0.0007,12,2e03965698dfe824efd0020628d3cc17da37547a,88552a7e7780ee53
benchmark_bench_nnue_simple18_seed42,2026-05-06T04:33:32Z,stockfish_nnue,simple_18,base,271617,936257,4,3,0.722716049382716,0.7891574747711805,0.6435795954265612,0.8240427927927928,0.722716049382716,0.8815967361849915,0.7896814742153543,,,15614.017930791344,12995.249035243667,210.12876488175243,256,0.001,30,0483a60d4ecec2276251d29ff4f35a2373354212,5def37acc2763af3
idea_i201_neural_clause_resolution_puzzle_network_seed42,2026-05-10T20:15:45Z,neural_clause_resolution_puzzle_network,simple_18,base,91917,6173282,13,12,0.7890412379916018,0.7090823750293358,0.5364734299516908,0.9379222972972973,0.6825445605408728,0.8835949389904657,0.7890412379916018,,,13667.85428453672,11045.569792058146,195.7590063540265,256,0.0007,12,2e03965698dfe824efd0020628d3cc17da37547a,e182cec0d0d09dfc
idea_i103_attention_disagreement_residual_network_seed42,2026-05-10T12:47:52Z,attention_disagreement_residual_network,simple_18,base,37501,2263065,12,11,0.7886461094149592,0.7831494954236095,0.6326073030108904,0.8340371621621622,0.7194899817850637,0.8822083253241271,0.7886461094149592,,,15423.692926864698,13123.86691877935,176.67322652600706,256,0.0007,12,2e03965698dfe824efd0020628d3cc17da37547a,48b25a710d469999
idea_i109_maxout_region_signature_network_seed42,2026-05-10T13:18:51Z,maxout_region_signature_network,simple_18,base,82977,6452385,11,10,0.788357358734847,0.7798169443792538,0.6249611600207147,0.8493806306306306,0.7200906975356525,0.8813591214709533,0.788357358734847,,,15304.849537745513,11324.268699722175,178.44775354117155,256,0.0007,12,2e03965698dfe824efd0020628d3cc17da37547a,cb7be46f1b14eb97
idea_i175_prototype_margin_puzzle_network_seed42,2026-05-10T18:07:45Z,prototype_margin_puzzle_network,simple_18,base,71744,6130944,10,9,0.7881190450341252,0.8072752874911993,0.6778173190984579,0.8043355855855856,0.7356765804042745,0.8851762070984088,0.7881190450341252,,,14915.631242275287,11844.6008029851,182.65202724281698,256,0.0007,12,2e03965698dfe824efd0020628d3cc17da37547a,332e7d8a82fde0cc
idea_i159_vector_quantized_motif_codebook_net_seed42,2026-05-10T16:55:18Z,vector_quantized_motif_codebook_net,simple_18,base,86209,6713313,12,11,0.7880555081877351,0.7946960807322225,0.6519706078824316,0.8243243243243243,0.7280865348750466,0.8847441659275993,0.7880555081877351,,,15049.383767897285,12529.684694058116,181.64911502692848,256,0.0007,12,2e03965698dfe824efd0020628d3cc17da37547a,ab10fd3077053244
idea_i202_piece_liability_gradient_network_seed42,2026-05-10T20:20:56Z,piece_liability_gradient_network,simple_18,base,81623,6163269,13,12,0.7863439609441695,0.7853555503402957,0.8247369771619194,0.45242117117117114,0.5843105172257067,0.8858505317161398,0.7863439609441695,,,14790.876356328237,11927.33609138561,183.10741966590285,256,0.0007,12,2e03965698dfe824efd0020628d3cc17da37547a,705e2b367bdca86e
benchmark_bench_cnn_signal_simple18_seed42,2026-05-06T06:46:51Z,simple_cnn,simple_18,base,70417,9019537,29,28,0.7319534943145521,0.8030509270124384,0.6700584795321638,0.8064470720720721,0.7319534943145521,0.8848594122606516,0.7857106876531152,,,15575.743709312197,13464.859638491289,409.2879046695307,256,0.001,30,0483a60d4ecec2276251d29ff4f35a2373354212,77dc32654e99e7f1
idea_i194_tactical_symptom_bayesian_network_seed42,2026-05-10T19:37:45Z,tactical_symptom_bayesian_network,simple_18,base,65164,6358034,12,11,0.7838866426092442,0.8005632480638348,0.6709376122620045,0.7887105855855856,0.7250727919767066,0.8833630585905954,0.7838866426092442,,,15083.298466716158,11246.843090219629,181.7523162169382,256,0.0007,12,2e03965698dfe824efd0020628d3cc17da37547a,c6430f4e41e0bbea
idea_i214_tactical_subgoal_automaton_network_seed42,2026-05-10T21:22:27Z,tactical_subgoal_automaton_network,simple_18,base,90937,6115921,12,11,0.7829593222907627,0.8167096925604318,0.7057764055062395,0.772240990990991,0.7375142837937756,0.8868155865577921,0.7829593222907627,,,15318.605010223064,11751.193064476522,181.93725784216076,256,0.0007,12,2e03965698dfe824efd0020628d3cc17da37547a,c1a44cce2d5db711
idea_i205_defender_timing_schedule_network_seed42,2026-05-10T20:36:09Z,defender_timing_schedule_network,simple_18,base,54375,6091823,12,11,0.7824395017855418,0.7731518422905421,0.6244656363038474,0.8019425675675675,0.7021630615640599,0.8747361918111338,0.7824395017855418,,,15212.171930769671,12464.340285052142,180.2259657131508,256,0.0007,12,2e03965698dfe824efd0020628d3cc17da37547a,be338604cf1383e4
idea_i236_hadamard_spectrum_network_seed42,2026-05-10T23:02:16Z,hadamard_spectrum_network,simple_18,base,68001,2102113,13,12,0.7820896816443387,0.7823046233278573,0.630808402291534,0.8369932432432432,0.7194192377495463,0.8779684269554041,0.7820896816443387,,,15554.437156056918,12643.585902913177,174.48039238434285,256,0.0007,12,2e03965698dfe824efd0020628d3cc17da37547a,ef953ddbd01287fb
idea_i234_lindstrom_gessel_viennot_path_network_seed42,2026-05-10T22:56:43Z,lindstrom_gessel_viennot_path_network,simple_18,base,68128,6949085,12,11,0.782039257216129,0.8020183055620747,0.6775344488188977,0.7751970720720721,0.7230829831932774,0.8811279993684622,0.782039257216129,,,15200.602859635994,12377.772338149396,178.15780590754002,256,0.0007,12,2e03965698dfe824efd0020628d3cc17da37547a,71b8f1580aacfe78
idea_i104_cross_scale_attention_residual_network_seed42,2026-05-10T12:53:12Z,cross_scale_attention_residual_network,simple_18,base,57329,6072865,13,12,0.7811362261002248,0.7872799812250645,0.645771933801859,0.8019425675675675,0.7154338817028758,0.8761655922831852,0.7811362261002248,,,14781.200970193368,11571.952451295907,182.81704249605536,256,0.0007,12,2e03965698dfe824efd0020628d3cc17da37547a,bfae14cd36f164ac
idea_i107_kernel_mean_prototype_network_seed42,2026-05-10T13:08:56Z,kernel_mean_prototype_network,simple_18,base,38427,1210341,12,11,0.7810293324636485,0.7897207228350153,0.6477810317639108,0.809543918918919,0.7196846452258792,0.8763385138227798,0.7810293324636485,,,15436.550127899523,13061.11226761361,176.39779487531632,256,0.0007,12,2e03965698dfe824efd0020628d3cc17da37547a,78ff34ad6d9203f6
idea_i140_low_displacement_rank_board_operator_seed42,2026-05-10T15:43:36Z,low_displacement_rank_board_operator,simple_18,base,24351,1346237,11,10,0.7793738159152829,0.794461394038958,0.6705043173570266,0.754222972972973,0.7099039417025506,0.8756047297693793,0.7793738159152829,,,14977.397348556922,11045.400278360172,180.7412184011191,256,0.0007,12,2e03965698dfe824efd0020628d3cc17da37547a,778eeedb0dd82aaf
idea_i239_permanent_ryser_network_seed42,2026-05-10T23:13:17Z,permanent_ryser_network,simple_18,base,20324,2012897,12,11,0.7788163846136771,0.7627786904482516,0.5974334600760456,0.8847128378378378,0.7132319564230595,0.8808558647770015,0.7788163846136771,,,12166.917857693965,11270.895818190678,213.6783844884485,256,0.0007,12,2e03965698dfe824efd0020628d3cc17da37547a,a9f53840f154743c
idea_i070_relational_query_algebra_network_seed42,2026-05-10T07:07:50Z,relational_query_algebra_network,simple_18,base,116729,6694945,13,12,0.7779280364848755,0.8002346866932645,0.6639042357274402,0.8119369369369369,0.7304964539007093,0.8847401117625265,0.7779280364848755,,,12098.619353198106,12168.84648942706,216.1156924413517,256,0.0007,12,2e03965698dfe824efd0020628d3cc17da37547a,6488a26df3d6a96a
idea_i102_set_query_attention_bottleneck_seed42,2026-05-10T12:42:34Z,set_query_attention_bottleneck,simple_18,base,196065,2579169,6,5,0.7763605340748021,0.7753109598685755,0.6197911281149829,0.84375,0.7146348733233979,0.8763675273708679,0.7763605340748021,,,15312.994828161489,11963.278346112606,138.5397356878966,256,0.0007,12,2e03965698dfe824efd0020628d3cc17da37547a,e130f393c269a170
idea_i115_neural_board_cellular_automaton_seed42,2026-05-10T13:49:09Z,neural_board_cellular_automaton,simple_18,base,152940,111691829,11,10,0.7753328403577484,0.7868106078385355,0.6482295764869244,0.7885698198198198,0.7115457894068334,0.8720714902151289,0.7753328403577484,,,14542.413033023626,11504.052085891059,187.98832989484072,256,0.0007,12,2e03965698dfe824efd0020628d3cc17da37547a,c7d9aed99e20fe65
idea_i059_harmonic_board_potential_network_seed42,2026-05-10T06:32:13Z,harmonic_board_potential_network,simple_18,base,71075,170109,13,12,0.7727173516137913,0.7846045529218494,0.6366105377512221,0.8248873873873874,0.7186216199644369,0.8756021723742967,0.7727173516137913,,,14980.648696450824,11622.58285817822,180.7119775293395,256,0.0007,12,2e03965698dfe824efd0020628d3cc17da37547a,bd256fd49487a061
idea_i146_patch_mixer_boardnet_seed42,2026-05-10T16:05:31Z,patch_mixer_boardnet,simple_18,base,189281,6881617,13,12,0.7706288255847735,0.7750762731753109,0.6229525632844076,0.8244650900900901,0.7096813280019387,0.8709849888442065,0.7706288255847735,,,15215.460286401842,12985.708250670565,178.30478965863585,256,0.0007,12,2e03965698dfe824efd0020628d3cc17da37547a,d31f79f08b91b783
idea_i019_tactical_sheaf_curvature_network_seed42,2026-05-09T21:41:22Z,tactical_sheaf_curvature_network,simple_18,base,111149,123015969,11,10,0.7702341429518516,0.7973245716967848,0.6809090909090909,0.7380349099099099,0.7083220751148338,0.8752582671661874,0.7702343512925307,,,2751.072152884356,5657.698073636777,836.5178224341944,256,0.0007,12,2e03965698dfe824efd0020628d3cc17da37547a,af5252601ee6334c
idea_i108_tensorsketch_interaction_network_seed42,2026-05-10T13:13:56Z,tensorsketch_interaction_network,simple_18,base,141615,283609,10,9,0.7696674933769692,0.7813658765547994,0.632646420824295,0.8210867117117117,0.7146532712570448,0.8737316609000381,0.7696675153384719,,,15177.79103891961,13483.210486829985,177.8415933754295,256,0.0007,12,2e03965698dfe824efd0020628d3cc17da37547a,9bad102ac2cb4416
idea_i110_spline_board_surface_network_seed42,2026-05-10T13:23:43Z,spline_board_surface_network,simple_18,base,37125,149417,11,10,0.7691373597091552,0.7811781272001878,0.6370370370370371,0.7989864864864865,0.7088797302360434,0.8690236254140205,0.7691373597091552,,,15459.81180437362,11598.245047242563,175.80080497357994,256,0.0007,12,2e03965698dfe824efd0020628d3cc17da37547a,dd036fa8d8cbca33
idea_i097_fixed_point_residual_defect_network_seed42,2026-05-10T12:14:36Z,fixed_point_residual_defect_network,simple_18,base,878811,7857737,11,10,0.7688871861372744,0.7864820464679653,0.6738804954403158,0.6969313063063063,0.6852120960487164,0.8621195706304149,0.7688871861372744,,,15055.08904778006,11280.96920380659,181.01661327201873,256,0.0007,12,2e03965698dfe824efd0020628d3cc17da37547a,3b8957a622becfd8
idea_i037_mobius_piece_constellation_network_seed42,2026-05-10T02:59:05Z,mobius_piece_constellation_network,simple_18,base,195073,253153,7,6,0.7667286647456801,0.7832433701009153,0.640293453724605,0.7985641891891891,0.7107241292909046,0.8665383528377332,0.7667286647456801,,,14391.600492075178,13072.59488199096,158.6063426407054,256,0.0007,12,2e03965698dfe824efd0020628d3cc17da37547a,d9ade197649bab96
idea_i020_attack_defense_sheaf_energy_network_seed42,2026-05-09T22:00:10Z,attack_defense_sheaf_energy_network,simple_18,base,202790,145188809,13,12,0.7634855807729297,0.7955409528279747,0.7105424456022066,0.6527308558558559,0.6804108584005869,0.8706757571554725,0.7634851256334866,,,2444.928567761999,3979.070206635776,972.1658414592966,256,0.0007,12,2e03965698dfe824efd0020628d3cc17da37547a,3c003f64a59063df
idea_i050_king_anchored_euler_interaction_network_seed42,2026-05-10T04:43:47Z,king_anchored_euler_interaction_network,simple_18,base,1099232,2199262,12,11,0.7624201599791613,0.7718375968082609,0.6190172981003926,0.8210867117117117,0.7058752344648151,0.8689482318210049,0.7624201599791613,,,4194.420179205569,3788.0625623796323,621.4873158037663,256,0.0007,12,2e03965698dfe824efd0020628d3cc17da37547a,46d14d78bb4026e8
idea_i040_kinematic_commutator_bottleneck_network_seed42,2026-05-10T03:43:18Z,kinematic_commutator_bottleneck_network,simple_18,base,63289,345817,13,12,0.7618484454623601,0.7655010560901196,0.6083247687564234,0.8331925675675675,0.7032196744683379,0.8658834317117624,0.7618484454623601,,,1626.451172335102,2751.9517533493195,1450.7407596763223,256,0.0007,12,2e03965698dfe824efd0020628d3cc17da37547a,8fc8add54a8f8b68
idea_i093_wavelet_scattering_board_network_seed42,2026-05-10T11:52:39Z,wavelet_scattering_board_network,simple_18,base,110053,221065,13,12,0.7607226295242402,0.7811781272001878,0.6379037723063022,0.795045045045045,0.7078581275849104,0.8620248330199434,0.7607226295242402,,,15561.641100088618,12989.757026406853,174.3655145689845,256,0.0007,12,2e03965698dfe824efd0020628d3cc17da37547a,a24db2041852c107
idea_i072_tensor_core_square_pair_field_network_seed42,2026-05-10T07:28:21Z,tensor_core_square_pair_field_network,simple_18,base,1092587,89230069,12,11,0.7600399431424906,0.7748415864820465,0.6290990486849468,0.7912443693693694,0.7009165159922689,0.8599787633119353,0.7600399431424906,,,3304.173830668148,6976.606781188626,700.4205432785675,256,0.0007,12,2e03965698dfe824efd0020628d3cc17da37547a,4cd805d27eb54eed
idea_i211_role_counterfactual_necessity_network_seed42,2026-05-10T21:07:08Z,role_counterfactual_necessity_network,simple_18,base,61398,42791088,9,8,0.7597187094336082,0.7630133771415161,0.8491335372069317,0.35177364864864863,0.49746192893401014,0.8605684659071084,0.7597187094336082,,,14812.891819562508,11879.693165757866,184.48877257760614,256,0.0007,12,2e03965698dfe824efd0020628d3cc17da37547a,5236db3942596df2
idea_i113_row_file_factor_mixer_seed42,2026-05-10T13:38:45Z,row_file_factor_mixer,simple_18,base,51297,6964321,12,11,0.7593093956891136,0.7577563952123915,0.5974325544077825,0.8385416666666666,0.6977452415812592,0.8638171704774629,0.7593093956891136,,,14869.295245024266,12683.608403655622,181.37247969023883,256,0.0007,12,2e03965698dfe824efd0020628d3cc17da37547a,39db06e3a3557e2e
idea_i036_geometry_conditioned_board_pseudo_likelihood_ratio_network_seed42,2026-05-10T02:54:12Z,geometry_conditioned_board_pseudo_likelihood_ratio_network,simple_18,base,78273,5698952,12,11,0.758283739734254,0.780145505749824,0.6297169811320755,0.8268581081081081,0.7149464459591042,0.8645577494701235,0.758283739734254,,,8507.427187259369,11827.106960303287,287.3677936466411,256,0.0007,12,2e03965698dfe824efd0020628d3cc17da37547a,5b62f8c5925f839f
idea_i106_attention_perturbation_sensitivity_network_seed42,2026-05-10T13:03:54Z,attention_perturbation_sensitivity_network,simple_18,base,25695,11107549,10,9,0.7562436888142859,0.7672846749589298,0.6140276301806589,0.8133445945945946,0.699769892212668,0.8633612156801546,0.7562436888142859,,,15137.240372551072,11800.095586186058,180.94780562259257,256,0.0007,12,2e03965698dfe824efd0020628d3cc17da37547a,6c5c910a7997e5d0
idea_i150_early_exit_cascade_boardnet_seed42,2026-05-10T16:20:54Z,early_exit_cascade_boardnet,simple_18,base,628104,77158920,4,3,0.7433350179902033,0.7697254165688805,0.6331798351914687,0.7355011261261262,0.6805157593123209,0.8520350035224646,0.7433350179902033,,,14741.30849350757,12198.667297424472,114.96535781491548,256,0.0007,12,2e03965698dfe824efd0020628d3cc17da37547a,c2fc49e2799d23f6
idea_i199_tactical_hessian_spectrum_network_seed42,2026-05-10T20:05:14Z,tactical_hessian_spectrum_network,simple_18,base,49318,6139873,13,12,0.7406143706499057,0.7749354611593523,0.6266037942756881,0.8043355855855856,0.7044319792886642,0.8588464617705517,0.7406143706499057,,,13831.209986031494,11158.248723323064,193.44780286308378,256,0.0007,12,2e03965698dfe824efd0020628d3cc17da37547a,806d89b01ea14fca
idea_i217_ray_grammar_edit_distance_network_seed42,2026-05-10T21:42:53Z,ray_grammar_edit_distance_network,simple_18,base,12185,1440641,12,11,0.7353870503766067,0.7701478526167567,0.6199586911620828,0.8027871621621622,0.6996258357357542,0.8569245942345768,0.7353870503766067,,,4808.861445439453,11839.120083472777,475.9485360532999,256,0.0007,12,2e03965698dfe824efd0020628d3cc17da37547a,19cdc4aebb8801e4
idea_i195_minimal_edit_puzzle_distance_network_seed42,2026-05-10T19:43:07Z,minimal_edit_puzzle_distance_network,simple_18,base,62916,6237965,13,12,0.7212069301721331,0.7118986153485097,0.5415949018256976,0.8852759009009009,0.6720453088266723,0.8451812937374034,0.7212069301721331,,,15132.940836636175,12000.1390031347,180.67642565257847,256,0.0007,12,2e03965698dfe824efd0020628d3cc17da37547a,d9f6421d204c3900
idea_i240_cayley_hamilton_coeffs_network_seed42,2026-05-10T23:18:12Z,cayley_hamilton_coeffs_network,simple_18,base,25233,1885425,9,8,0.7187649971415118,0.7737620276930298,0.6858723958333334,0.5931869369369369,0.6361714975845411,0.8283208092343453,0.7187649971415118,,,15000.390733445623,12441.758550159397,180.8933136612177,256,0.0007,12,2e03965698dfe824efd0020628d3cc17da37547a,425df8c3694b4ddb
idea_i006_proof_core_set_verifier_seed42,2026-05-09T18:05:36Z,proof_core_set_verifier,simple_18,base,173587,21323442,10,9,0.7173419665712738,0.7619807556911523,0.6208536440375698,0.7350788288288288,0.673155011279407,0.8360632187667916,0.7173419665712738,,,13826.140393183132,11301.45258751247,193.43748036772013,128,0.0007,12,2e03965698dfe824efd0020628d3cc17da37547a,7b84648973503c2b
benchmark_bench_mlp_simple18_seed42,2026-05-06T05:26:40Z,mlp,simple_18,base,756481,1512961,25,24,0.7053333333333334,0.7925369631541892,0.6699594731509625,0.7446509009009009,0.7053333333333334,0.8352366399301914,0.6997627198579557,,,15689.534224397412,13856.700436064375,405.13709203898907,256,0.001,30,0483a60d4ecec2276251d29ff4f35a2373354212,40b1d368203f19bf
idea_i132_differentiable_bitboard_boolean_network_seed42,2026-05-10T15:05:54Z,differentiable_bitboard_boolean_network,simple_18,base,62719,6210401,13,12,0.652545926294223,0.7089885003520301,0.543756050338819,0.7906813063063063,0.6443730641275668,0.80442615999476,0.652545926294223,,,15256.335913957842,11329.353735406994,183.05116631742567,256,0.0007,12,2e03965698dfe824efd0020628d3cc17da37547a,8d5bca8d4db72c33
idea_i032_king_anchored_material_null_transport_bottleneck_seed42,2026-05-10T02:17:45Z,king_anchored_material_null_transport_bottleneck,simple_18,base,24126,48817,13,12,0.6365128377531719,0.6914808730344989,0.5262897316565996,0.748170045045045,0.6179154798581643,0.7810972303371606,0.6365128377531719,,,3092.2696530599274,4685.298933459066,774.2762574581429,256,0.0007,12,2e03965698dfe824efd0020628d3cc17da37547a,c45eaf03eba7dcad
idea_i182_motif_tensor_factorization_network_seed42,2026-05-10T18:40:58Z,motif_tensor_factorization_network,simple_18,base,90286,15079797,12,11,0.6286475444600355,0.7055620746303685,0.5449821370574862,0.7086148648648649,0.6161189645676519,0.7774646686948198,0.6286475444600355,,,14333.39522158979,11752.244940150842,188.16847796272486,256,0.0007,12,2e03965698dfe824efd0020628d3cc17da37547a,74314f712b3902ad
idea_i209_tactical_effective_resistance_network_seed42,2026-05-10T20:56:54Z,tactical_effective_resistance_network,simple_18,base,49636,6237697,12,11,0.5857336878068905,0.6805914104670265,0.5156889495225102,0.691722972972973,0.590873564600493,0.7399439656895117,0.5857336878068905,,,14954.997368675096,11653.296495824394,181.43360331840813,256,0.0007,12,2e03965698dfe824efd0020628d3cc17da37547a,ce3db87f83c9ca57
idea_i135_zobrist_kernel_feature_network_seed42,2026-05-10T15:22:48Z,zobrist_kernel_feature_network,simple_18,base,109825,219841,4,3,0.4026365780153762,0.6547758742079324,0.45163776493256264,0.16497747747747749,0.2416743994226209,0.574666133063209,0.4026365780153762,,,15348.876186729025,11509.092255759344,111.36757503543049,256,0.0007,12,2e03965698dfe824efd0020628d3cc17da37547a,2cd28b9fc65713b8
idea_i096_oriented_matroid_covector_bottleneck_seed42,2026-05-10T12:09:11Z,oriented_matroid_covector_bottleneck,simple_18,base,221921,909153,9,8,0.38511790039723354,0.6665571462098099,0.0,0.0,0.0,0.5528702081156573,0.38511790039723354,,,15091.288021161025,11767.050744790497,180.46437179204077,256,0.0007,12,2e03965698dfe824efd0020628d3cc17da37547a,999b1dd994232aec
idea_i062_matrix_pencil_generalized_spectrum_bottleneck_seed42,2026-05-10T06:40:32Z,matrix_pencil_generalized_spectrum_bottleneck,simple_18,base,47204,655085,2,1,0.3772875424043129,0.6665571462098099,0.0,0.0,0.0,0.5370855592582935,0.3772875424043129,,,15321.42211128486,11493.160739718376,97.82524375710636,256,0.0007,12,2e03965698dfe824efd0020628d3cc17da37547a,b6b2334b7b31a022
idea_i060_tropical_constraint_circuit_network_seed42,2026-05-10T06:35:53Z,tropical_constraint_circuit_network,simple_18,base,34139,121013,3,2,0.37416937823463337,0.6665571462098099,0.0,0.0,0.0,0.5472771206395819,0.37416937823463337,,,15200.93217257008,11585.127796364812,97.7372652515769,256,0.0007,12,2e03965698dfe824efd0020628d3cc17da37547a,8624e94612d4abba
idea_i031_tactical_transport_imbalance_network_seed42,2026-05-10T02:02:37Z,tactical_transport_imbalance_network,simple_18,base,253809,29867873,5,4,0.35957116291569013,0.6168505045763906,0.3117667970138642,0.12345157657657657,0.17686800443682565,0.5586559972936813,0.35957116291569013,,,9094.910705703413,11841.20561397501,185.5002673631534,256,0.0007,12,2e03965698dfe824efd0020628d3cc17da37547a,0aea3caa3cbe667d
idea_i039_ray_language_automaton_network_seed42,2026-05-10T03:17:03Z,ray_language_automaton_network,simple_18,base,130477,145113,2,1,0.3334428537901901,0.6665571462098099,0.0,0.0,0.0,0.5,0.3334428537901901,,,1363.005329205576,2348.8716604444207,908.259863701649,256,0.0007,12,2e03965698dfe824efd0020628d3cc17da37547a,385703725a39a727
idea_i051_king_escape_percolation_network_seed42,2026-05-10T04:51:52Z,king_escape_percolation_network,simple_18,base,103699,7297058,2,1,0.3334428537901901,0.3334428537901901,0.3334428537901901,1.0,0.5001232003942413,0.5,0.3334428537901901,,,3587.2259975422544,5356.210038548688,352.7515061311424,256,0.0007,12,2e03965698dfe824efd0020628d3cc17da37547a,be3056936365ae91
idea_i142_pivot_trace_elimination_network_seed42,2026-05-10T15:49:34Z,pivot_trace_elimination_network,simple_18,base,57885,6198361,10,9,0.39789069990412274,0.5283736212156771,0.34641068447412354,0.46734234234234234,0.39789069990412274,,,,,11622.050981434286,11244.563754696013,221.33284682314843,256,0.0007,12,2e03965698dfe824efd0020628d3cc17da37547a,b4de77eae3916e5a
idea_i161_multiplicative_conjunction_convnet_seed42,2026-05-10T17:04:42Z,multiplicative_conjunction_convnet,simple_18,base,310369,36708289,2,1,0.0,0.6665571462098099,0.0,0.0,0.0,,,,,15274.513976379658,11565.129936849069,97.39105114899576,256,0.0007,12,2e03965698dfe824efd0020628d3cc17da37547a,cb85e4fef8321c4d
